product_id	code	title	description	creation_date	cost	sku	comments	cost_type	cost_type_text	category_id	category_2id	category_3id	current_inventory	charge_vat	number	unit	currency_id	currency_code	purchase_type	purchase_type_text	ieps_rate	type	type_text	production_auto	volume	weight	created_at	sync_source
3d375936-3086-473e-a19b-1f111705080c	QUI51	JABON DE TOCADOR		2025-11-09 03:29:54	0			0					0	false	1216				0		0	0		false	0	0	2025-11-09 03:29:54	bind_erp
6b3bfa20-4d3f-4f27-acf8-1f76c4a8ea9d	EPP01	CINTA DE PRECAUCION		2025-11-09 03:29:54	0			0					0	false	1108				0		0	0		false	0	0	2025-11-09 03:29:54	bind_erp
f25722a5-8a5f-403d-9471-2067ee17c0b3	JAR69	REPUESTO DE TRAPEADOR DE ALTA ABSORCION		2025-11-09 03:29:54	0			0					0	false	1286				0		0	0		false	0	0	2025-11-09 03:29:54	bind_erp
3d2bedaa-a9ac-4474-98a7-2304c2fc8b44	HIPO	HIPOCLORITO DE SODIO  AL 13%		2025-11-09 03:29:54	0			0					0	false	1212				0		0	0		false	0	0	2025-11-09 03:29:54	bind_erp
251e9eb6-365d-4945-a437-23feeeb57874	ETIP	ETIQUETA DE SEGURIDAD PAPEL		2025-11-09 03:29:54	0			0					0	false	1603				0		0	0		false	0	0	2025-11-09 03:29:54	bind_erp
0dc0eb7f-a728-44cc-a330-781f25a466ed	JAR36	FRANELA ROJA		2025-11-09 03:29:54	0			0					0	false	1183				0		0	0		false	0	0	2025-11-09 03:29:54	bind_erp
db5a1dff-f437-48f3-af23-78844e0090e9	KIT1	KIT INSTALACION CALENTADOR SOLAR		2025-11-09 03:29:54	0			0					0	false	1229				0		0	0		false	0	0	2025-11-09 03:29:54	bind_erp
8b688cd3-a898-4e60-911e-7928ab7b0ca0	UNI23	PLAYERA POLO GRIS XXG		2025-11-09 03:29:54	0			0					0	false	1269				0		0	0		false	0	0	2025-11-09 03:29:54	bind_erp
c02fa11e-0d5a-49be-bd96-79ced16ffd54	UNI11	CAMISA MEZCLILLA CON REFLEJANTE EXTRAGRANDE (42)		2025-11-09 03:29:54	0			0					0	false	1092				0		0	0		false	0	0	2025-11-09 03:29:54	bind_erp
1fde17cd-39b7-4826-91cf-79ea2cbf9ab7	QUI74	REPUESTO  DE AROMATIZANTE EN AEROSOL AIRWICK		2025-11-09 03:29:54	0			0					0	false	1284				0		0	0		false	0	0	2025-11-09 03:29:54	bind_erp
1f635a7b-9e22-403f-9b61-7a8a12bb7c1c	QUI50	JABON ANTIBACTERIAL PARA MANOS ,VARIOS AROMAS MEMBERS MARK EN PRESENTACION DE 5.68 L		2025-11-09 03:29:54	0			0					0	false	1215				0		0	0		false	0	0	2025-11-09 03:29:54	bind_erp
df19afc8-6055-4c2c-a23e-7ab13d340088	QUI48	HIPOCLORITO DE SODIO 10%		2025-11-09 03:29:54	0			0					0	false	1213				0		0	0		false	0	0	2025-11-09 03:29:54	bind_erp
1354a3de-99d1-418c-8580-7b34d2948632	MOB	MOBILIARIO		2025-11-09 03:29:54	0			0					0	false	1638				0		0	0		false	0	0	2025-11-09 03:29:54	bind_erp
3f1b8e1a-b705-438b-a9f9-8557d74e8b25	BT60	BOLSA TRANSPARENTE 60 x 90 FABRICACION NACIONAL		2025-11-09 03:29:54	0			0					0	false	1056				0		0	0		false	0	0	2025-11-09 03:29:54	bind_erp
c7911f02-0e08-4148-9bae-8619b17ccd4a	LTX-CH	CAJA DE GUANTE PARA EXPLORACION DE LATEX CON 100 PIEZAS TALLA CHICA		2025-11-09 03:29:54	0			0					0	false	1075				0		0	0		false	0	0	2025-11-09 03:29:54	bind_erp
24c900df-4d20-4ea6-a93d-cd2c86a40c79	JAR46	GUANTE LATEX ROJO CHICO		2025-11-09 03:29:54	0			0					0	false	1200				0		0	0		false	0	0	2025-11-09 03:29:54	bind_erp
e5c74b14-1aaf-44b6-8f79-d589599258ba	JAR67	RECOGEDOR DE LAMINA		2025-11-09 03:29:54	0			0					0	false	1283				0		0	0		false	0	0	2025-11-09 03:29:54	bind_erp
560b1fa1-cfe6-4af6-88e5-d6ed6deb6f79	UNI7	BATA BLANCA MANGA LARGA EXTRA GRANDE		2025-11-09 03:29:54	0			0					0	false	1038				0		0	0		false	0	0	2025-11-09 03:29:54	bind_erp
2a94c944-9c35-41b2-9448-d746fb73da2a	EPP6	CHALECO DE MALLA CON REFLEJANTE VERDE		2025-11-09 03:29:54	0			0					0	false	1107				0		0	0		false	0	0	2025-11-09 03:29:54	bind_erp
a6a377d9-da5e-49b0-b477-d7ba342435ed	VE-P10	PORTA OBJETOS BORDES CORTADOS 26X76 MM. VELAB		2025-11-09 03:29:54	0			0					0	false	1458				0		0	0		false	0	0	2025-11-09 03:29:54	bind_erp
5eb499e6-662c-44b7-ab0e-d8aa74b92f37	EPP9	COFIA PLISADA LIGERA 21. E/DOBLE		2025-11-09 03:29:54	0			0					0	false	1119				0		0	0		false	0	0	2025-11-09 03:29:54	bind_erp
0ea09838-9c4a-4bdd-b045-d8e7098f9e6d	TO	TOALLA DE PAPEL OTRAS ESPECIFICACIONES		2025-11-09 03:29:54	0			0					0	false	1637				0		0	0		false	0	0	2025-11-09 03:29:54	bind_erp
5dc2283c-6dd5-4e4a-9d85-d902f36cbef5	QUI83	THINNER		2025-11-09 03:29:54	0			0					0	false	1306				0		0	0		false	0	0	2025-11-09 03:29:54	bind_erp
40ee5e1a-bdf0-4fde-980f-d9bea2e553c0	JAR77	TAPETE PARA MINGITORIO SIN PASTILLA		2025-11-09 03:29:54	0			0					0	false	1303				0		0	0		false	0	0	2025-11-09 03:29:54	bind_erp
adc5db70-427c-4398-aa01-d9ec5457c3ed	QUI84	TOALLA EN ROLLO FAPSA ECO 160  6/160 MTS		2025-11-09 03:29:54	0			0					0	false	1309				0		0	0		false	0	0	2025-11-09 03:29:54	bind_erp
fe72a578-e4aa-4504-a38f-db7d81e5fd4f	UNI2	BATA AZUL MANGA CORTA CHICA		2025-11-09 03:29:54	0			0					0	false	1033				0		0	0		false	0	0	2025-11-09 03:29:54	bind_erp
35937493-5cfb-4e6b-bd16-dcb5de1bdf32	EQ6	DESPACHADOR DE TOALLA EN ROLLO		2025-11-09 03:29:54	0			0					0	false	1132				0		0	0		false	0	0	2025-11-09 03:29:54	bind_erp
b8ac354a-8fc7-4a3e-982b-ccc0822ea9a7	UREA	UREA		2025-11-09 03:29:54	0			0					0	false	1327				0		0	0		false	0	0	2025-11-09 03:29:54	bind_erp
1de5a6a8-5c1b-49e8-8e0c-ccb93488ff4a	UNI	UNIFORME		2025-11-09 03:29:54	0			0					0	false	1530				0		0	0		false	0	0	2025-11-09 03:29:54	bind_erp
91da17a4-d817-49ac-8395-cc27a993f7fb	UNIC	BATA CLARIOS TALLA MEDIANA		2025-11-09 03:29:54	0			0					0	false	1622				0		0	0		false	0	0	2025-11-09 03:29:54	bind_erp
395612d4-9b33-435d-a26d-cb6523ebfc58	BP1	BOTELLA  DE POLIETILENO DE 1LT		2025-11-09 03:29:54	0			0					0	false	1059				0		0	0		false	0	0	2025-11-09 03:29:54	bind_erp
80c712eb-52cf-4b86-a9aa-c9d646cafbab	JAR59	PAÑO SECADOR MULTIUSOS PAQUETE C/9		2025-11-09 03:29:54	0			0					0	false	1257				0		0	0		false	0	0	2025-11-09 03:29:54	bind_erp
619dec87-d929-4899-909d-c9b030d0ab4d	JAR72	ROLLO DE BOLSA TRANSPARENTE PARA BASURA		2025-11-09 03:29:54	0			0					0	false	1290				0		0	0		false	0	0	2025-11-09 03:29:54	bind_erp
ae08bb7a-6174-4b6b-b5a1-c94b1a838495	NIT-M	GUANTE DE NITRILO TALLA MEDIANA		2025-11-09 03:29:54	0			0					0	false	1074				0		0	0		false	0	0	2025-11-09 03:29:54	bind_erp
d43bab55-63ef-45b6-8476-c89a42ffefc9	Z25	CALZADO DE SEGURIDAD NO. 25		2025-11-09 03:29:54	0			0					0	false	1083				0		0	0		false	0	0	2025-11-09 03:29:54	bind_erp
413f7ad9-af2e-4757-8d77-c6b23666614d	JAR33	FIBRAS 3M NEGRA		2025-11-09 03:29:54	0			0					0	false	1179				0		0	0		false	0	0	2025-11-09 03:29:54	bind_erp
93f1236e-7cb5-419c-bd7d-c6aeaa1e0553	JAR	CEPILLO TIPO PLANCHA		2025-11-09 03:29:54	0			0					0	false	1646				0		0	0		false	0	0	2025-11-09 03:29:54	bind_erp
42f60cf6-a1a9-41f8-a331-c611e1f79dc8	EPP17	FAJA ELASTICA DE SEGURIDAD MEDIANA		2025-11-09 03:29:54	0			0					0	false	1172				0		0	0		false	0	0	2025-11-09 03:29:54	bind_erp
b171b0d2-a782-4e1b-afce-e514016f6ac3	BNA30	BOLSA NEGRA DE ASA 30*60 CM BAJA DENSIDAD		2025-11-09 03:29:54	0			0					0	false	1049				0		0	0		false	0	0	2025-11-09 03:29:54	bind_erp
d1243900-b179-46ec-a871-e51faccdb794	JAR68	REPUESTO DE TRAPEADOR CON PABILO DE TIRAS DE ALGODON 500 GR TWISTER		2025-11-09 03:29:54	0			0					0	false	1285				0		0	0		false	0	0	2025-11-09 03:29:54	bind_erp
dd503019-d046-48f0-9c77-e534db5530b2	Z31	CALZADO DE SEGURIDAD NO. 31		2025-11-09 03:29:54	0			0					0	false	1089				0		0	0		false	0	0	2025-11-09 03:29:54	bind_erp
09b4a352-638e-4610-a56c-e7a4cbee695f	JAR54	JALADOR HEAVY DUTY DE 55 CM HD55-8		2025-11-09 03:29:54	0			0					0	false	1223				0		0	0		false	0	0	2025-11-09 03:29:54	bind_erp
ead1d7a4-b0b6-45d4-b233-e7dfc901b05c	CARD-	Medicamentos cardiovasculares, nifedipino, enalapril		2025-11-09 03:29:54	0			0					0	false	1617				0		0	0		false	0	0	2025-11-09 03:29:54	bind_erp
a9853ad9-6782-44a2-9c6b-e83587cd8d15	JAR21	ESCOBA ABANICO		2025-11-09 03:29:54	0			0					0	false	1156				0		0	0		false	0	0	2025-11-09 03:29:54	bind_erp
c1573f69-40e5-42b8-a83f-e922fe5a65ff	HIG3	TOALLA INTERDOBLADA SANITAS		2025-11-09 03:29:54	0			0					0	false	1313				0		0	0		false	0	0	2025-11-09 03:29:54	bind_erp
d1008b41-2218-4f62-8a9e-e9682e87cbd8	JAR83	TRAPO INDUSTRIAL		2025-11-09 03:29:54	0			0					0	false	1322				0		0	0		false	0	0	2025-11-09 03:29:54	bind_erp
93a6d823-29bd-4399-a0f3-c603d012b621	RE-01	RECOLECTOR ORINA AMBAR 24 HORAS 3 LITROS PLASTIC WORLD		2025-11-09 03:29:54	0			0					0	false	1577				0		0	0		false	0	0	2025-11-09 03:29:54	bind_erp
2065c50d-ad18-48a3-b0fc-c5f41f7ef96a	JAR40	GUANTE LATEX AMARILLO CHICO		2025-11-09 03:29:54	0			0					0	false	1194				0		0	0		false	0	0	2025-11-09 03:29:54	bind_erp
7dcb486a-e392-4e1f-b19d-c4680cb4917c	UNI15	CASACA		2025-11-09 03:29:54	0			0					0	false	1097				0		0	0		false	0	0	2025-11-09 03:29:54	bind_erp
6507bb86-0a34-4e67-8e2f-c29b8413f751	HIG27	TOALLA DALITAS INTERDOBLADA 20/100		2025-11-09 03:29:54	0			0					0	false	1307				0		0	0		false	0	0	2025-11-09 03:29:54	bind_erp
54f827a9-aab9-469a-925c-c09999e8f5f1	FER4	LIJA DE AGUA		2025-11-09 03:29:54	0			0					0	false	1235				0		0	0		false	0	0	2025-11-09 03:29:54	bind_erp
2e19ee0e-4e5d-449c-ba33-c08c67ba3dfd	LIMP-GRAL	LIMPIADORES EN GENERAL		2025-11-09 03:29:54	0			0					0	false	1609				0		0	0		false	0	0	2025-11-09 03:29:54	bind_erp
6b6bb8e0-82a3-47d0-a91a-bfdc8c11e6c5	UNI1	BATA AMARILLA ANTIESTATICA		2025-11-09 03:29:54	0			0					0	false	1032				0		0	0		false	0	0	2025-11-09 03:29:54	bind_erp
399249de-1734-430f-9116-ef85648a19d6	ML	MATERIAL DE LIMPIEZA		2025-11-09 03:29:54	0			0					0	false	1651				0		0	0		false	0	0	2025-11-09 03:29:54	bind_erp
e04e30a4-0fb0-436f-b8fd-ef938ee27373	QUI2	ABRILLANTADOR DE VINIL MARCA ARMONIA		2025-11-09 03:29:54	0			0					0	false	1001				0		0	0		false	0	0	2025-11-09 03:29:54	bind_erp
707c4764-5cc2-47c7-be5e-bce5760d05a4	QUI17	CLORALEX 10 L		2025-11-09 03:29:54	0			0					0	false	1109				0		0	0		false	0	0	2025-11-09 03:29:54	bind_erp
867b3af4-ca5e-41a0-a8eb-ba0671b3c0f3	JAR16	DISCO PARA PULIDORA 19  3M NEGRO		2025-11-09 03:29:54	0			0					0	false	1150				0		0	0		false	0	0	2025-11-09 03:29:54	bind_erp
92c99ca0-69e9-4fa1-8e06-b79199254172	PRO1001363	LAPIZ PUNTA DE CARBURO DE TUNGSTENO.		2025-11-09 03:29:54	0			0					0	false	1440				0		0	0		false	0	0	2025-11-09 03:29:54	bind_erp
b27c8f42-bfc5-4f84-9559-b76388a459e0	QUI69	PASTILLAS DE CLORO 90% TRICLORO DE 3"		2025-11-09 03:29:54	0			0					0	false	1261				0		0	0		false	0	0	2025-11-09 03:29:54	bind_erp
f3eab38e-95c8-47ef-99d4-b630bf0400ab	EPP14	FAJA ELASTICA DE SEGURIDAD GRANDE		2025-11-09 03:29:54	0			0					0	false	1171				0		0	0		false	0	0	2025-11-09 03:29:54	bind_erp
722399a9-31ef-4ffb-b6a3-b5a42458007b	JAR23	ESCOBA DE PLASTICO 5 HILOS		2025-11-09 03:29:54	0			0					0	false	1158				0		0	0		false	0	0	2025-11-09 03:29:54	bind_erp
902d2e4d-fc1c-456e-9b08-b38ce368e712	FER1	BOLSA DE ESTOPA		2025-11-09 03:29:54	0			0					0	false	1041				0		0	0		false	0	0	2025-11-09 03:29:54	bind_erp
1b830cec-d9e4-47c2-9601-b33d661727a2	JAR47	GUANTE LATEX ROJO GRANDE		2025-11-09 03:29:54	0			0					0	false	1201				0		0	0		false	0	0	2025-11-09 03:29:54	bind_erp
db49e532-41a5-4ccb-ac7e-b33a489f9139	UNIC	BATA CLARIOS TALLA CHICA		2025-11-09 03:29:54	0			0					0	false	1621				0		0	0		false	0	0	2025-11-09 03:29:54	bind_erp
81d6c08a-a3c8-45ea-a152-f614957669ee	UNI9	BATA BLANCA MANGA LARGA MEDIANA		2025-11-09 03:29:54	0			0					0	false	1040				0		0	0		false	0	0	2025-11-09 03:29:54	bind_erp
56d9c363-674c-4448-8125-f69843fb02da	JAR35	FRANELA GRIS		2025-11-09 03:29:54	0			0					0	false	1182				0		0	0		false	0	0	2025-11-09 03:29:54	bind_erp
b7694a07-7627-4c65-b6e6-f71051f38af2	EPP3	CHALECO ALTA VISIBILIDAD NARANJA		2025-11-09 03:29:54	0			0					0	false	1104				0		0	0		false	0	0	2025-11-09 03:29:54	bind_erp
a5b975dc-8184-44be-9ebb-f71f3a4f14ff	JAR58	JICARAS		2025-11-09 03:29:54	0			0					0	false	1227				0		0	0		false	0	0	2025-11-09 03:29:54	bind_erp
401107e7-5c02-4bb0-bd19-b26d123c7352	JAR57	JERGA		2025-11-09 03:29:54	0			0					0	false	1226				0		0	0		false	0	0	2025-11-09 03:29:54	bind_erp
1c23ed5b-e278-4f07-913b-b23ef0bc4ce9	BD500	BOTELLA CON DOSIFICADOR RED 500 ML		2025-11-09 03:29:54	0			0					0	false	1065				0		0	0		false	0	0	2025-11-09 03:29:54	bind_erp
ccc18d38-c49a-475d-ad61-b08cdc32d301	HIG2	TOALLA EN ROLLO MARLI 180 M C/6		2025-11-09 03:29:54	0			0					0	false	1311				0		0	0		false	0	0	2025-11-09 03:29:54	bind_erp
307b6999-e6c8-4543-877e-b055e4673389	k180	TOALLA EN ROLLO KRAFT DALIA K180		2025-11-09 03:29:54	0			0					0	false	1606				0		0	0		false	0	0	2025-11-09 03:29:54	bind_erp
9e91cb87-e2f6-4333-9eb5-af75c475922c	UNI21	PLAYERA POLO GRIS M		2025-11-09 03:29:54	0			0					0	false	1267				0		0	0		false	0	0	2025-11-09 03:29:54	bind_erp
96a194d2-5883-4671-ae79-af08169e6dba	QUI62	PINOL 828 ML		2025-11-09 03:29:54	0			0					0	false	1243				0		0	0		false	0	0	2025-11-09 03:29:54	bind_erp
3f1be52d-870b-405e-8863-ae5a239ffddc	JAR48	GUANTE LATEX ROJO MEDIANO		2025-11-09 03:29:54	0			0					0	false	1202				0		0	0		false	0	0	2025-11-09 03:29:54	bind_erp
64321f6d-7e66-4c5e-b524-ad95c8e152b3	QUI59	LIMPIADOR MULTIUSOS LAVANDA		2025-11-09 03:29:54	0			0					0	false	1240				0		0	0		false	0	0	2025-11-09 03:29:54	bind_erp
bfcc5701-9795-4ffb-8a83-ad17b888893a	EPP27	TALONERA ANTIESTATICA HM4		2025-11-09 03:29:54	0			0					0	false	1300				0		0	0		false	0	0	2025-11-09 03:29:54	bind_erp
315c1ef1-46e8-4bed-823b-ac2b97118efc	TUB	TUBOS Y CONTENEDORES		2025-11-09 03:29:54	0			0					0	false	1441				0		0	0		false	0	0	2025-11-09 03:29:54	bind_erp
d3bc1707-18db-453f-91ee-aafc129fba2d	VE-C22	CUBRE OBJETOS 22X22 MM CON 100 PIEZAS. VELAB		2025-11-09 03:29:54	0			0					0	false	1456				0		0	0		false	0	0	2025-11-09 03:29:54	bind_erp
877353d8-b978-4687-8d5b-aad3fe47b85b	QUI87	VACUSUD SHAMPOO TAPICERÍA		2025-11-09 03:29:54	0			0					0	false	1328				0		0	0		false	0	0	2025-11-09 03:29:54	bind_erp
a36b3963-4c0e-4504-8aed-aab49b61f138	JAR63	PLUMERO DE PLUMAS		2025-11-09 03:29:54	0			0					0	false	1273				0		0	0		false	0	0	2025-11-09 03:29:54	bind_erp
0dfbbba4-1947-437b-8bd0-a8bcd56814a5	BT30	BOLSA TRANSPARENTE 50 x 70, CALIBRE 200-300		2025-11-09 03:29:54	0			0					0	false	1054				0		0	0		false	0	0	2025-11-09 03:29:54	bind_erp
40763047-894e-4dd2-b683-a8b932671ec0	JAR41	GUANTE LATEX AMARILLO GRANDE		2025-11-09 03:29:54	0			0					0	false	1195				0		0	0		false	0	0	2025-11-09 03:29:54	bind_erp
2d800143-c834-497a-939c-a6e9d19f645f	QUI57	LIMPIADOR MULTIUSOS BRISA MARINA		2025-11-09 03:29:54	0			0					0	false	1238				0		0	0		false	0	0	2025-11-09 03:29:54	bind_erp
d681c5ce-b0a0-4495-bc1d-a5ee63280509	EPP34	MASCARILLA TIPO CONCHA DESECHABLE		2025-11-09 03:29:54	0			0					0	false	1249				0		0	0		false	0	0	2025-11-09 03:29:54	bind_erp
300f9baa-c954-4755-b07b-a5c864d557fd	BNA50	BOLSA NEGRA DE ASA 50 x 70, FABRICACION NACIONAL		2025-11-09 03:29:54	0			0					0	false	1050				0		0	0		false	0	0	2025-11-09 03:29:54	bind_erp
a110517c-9cce-47bc-94a5-a562fc2e9956	UNI18	OVEROL GRIS / GUINDA		2025-11-09 03:29:54	0			0					0	false	1251				0		0	0		false	0	0	2025-11-09 03:29:54	bind_erp
4f9fd3ee-4f30-4f79-a99d-a4f8c1f833f2	EPP7	SOBRELENTE		2025-11-09 03:29:54	0			0					0	false	1634				0		0	0		false	0	0	2025-11-09 03:29:54	bind_erp
852afe57-5aa0-4e10-86c3-a480c04e322b	QUI47	GLADE REPUESTO AROMATIZANTE AMBIENTAL		2025-11-09 03:29:54	0			0					0	false	1190				0		0	0		false	0	0	2025-11-09 03:29:54	bind_erp
bded73c8-d9ee-4a63-904d-a3d0b58e6bd2	QUI5	ACEITE ROJO PARA MUEBLES AGRANEL		2025-11-09 03:29:54	0			0					0	false	1004				0		0	0		false	0	0	2025-11-09 03:29:54	bind_erp
b2255b06-ee2d-4c65-b8ef-a3c891a675e7	EPP28	GUANTE DE NITRILO VERDE NO. 8		2025-11-09 03:29:54	0			0					0	false	1192				0		0	0		false	0	0	2025-11-09 03:29:54	bind_erp
daa23d6a-4e04-4ddb-b7e3-a3849cbcbb7f	REFUSD	REFACCIONES USD		2025-11-09 03:29:54	0			0					0	false	1648				0		0	0		false	0	0	2025-11-09 03:29:54	bind_erp
00275c46-9ae5-45c7-9951-a2af5efdfe68	QUI10	ALCOHOL ISOPROPILICO		2025-11-09 03:29:54	0			0					0	false	1010				0		0	0		false	0	0	2025-11-09 03:29:54	bind_erp
c1a77cc7-ba2e-4b14-a27d-a266e7567504	JAR85	FUNDA PARA MOP 90 CM MOPTECH		2025-11-09 03:29:54	0			0					0	false	1635				0		0	0		false	0	0	2025-11-09 03:29:54	bind_erp
479e2901-aacc-4a86-8081-a23c9935f363	JAR43	GUANTE LATEX AZUL CHICO		2025-11-09 03:29:54	0			0					0	false	1197				0		0	0		false	0	0	2025-11-09 03:29:54	bind_erp
095c4931-27a7-4309-a4e6-a1b2765f099e	BN30	BOLSA NEGRA 30 x 40 FABRICACION NACIONAL		2025-11-09 03:29:54	0			0					0	false	1044				0		0	0		false	0	0	2025-11-09 03:29:54	bind_erp
8255e73c-8f7e-42f0-9654-a1a553236349	HIG26	PAPEL DALIA HD 180 MTS		2025-11-09 03:29:54	0			0					0	false	1256				0		0	0		false	0	0	2025-11-09 03:29:54	bind_erp
6b07a230-f826-4c96-a048-a151d41b4c07	BN50	BOLSA NEGRA 50 x 70		2025-11-09 03:29:54	0			0					0	false	1046				0		0	0		false	0	0	2025-11-09 03:29:54	bind_erp
4d403b26-2fa9-4113-b3f1-a0c23f2707f7	PIN	PINTURA		2025-11-09 03:29:54	0			0					0	false	1569				0		0	0		false	0	0	2025-11-09 03:29:54	bind_erp
64123732-43da-444e-8f43-9fe26b8142a2	JAR44	GUANTE LATEX AZUL GRANDE		2025-11-09 03:29:54	0			0					0	false	1198				0		0	0		false	0	0	2025-11-09 03:29:54	bind_erp
3a3fbc6a-818a-473f-acdb-9fce711e8c75	UNI6	BATA BLANCA MANGA LARGA CHICA		2025-11-09 03:29:54	0			0					0	false	1037				0		0	0		false	0	0	2025-11-09 03:29:54	bind_erp
a28db83e-0ed5-4d63-9879-9fc0b3764874	BP4	BOTELLA POLIETILENO DE 4 LITROS		2025-11-09 03:29:54	0			0					0	false	1067				0		0	0		false	0	0	2025-11-09 03:29:54	bind_erp
ba6f67ec-b69b-47d8-a41a-9f75320e7bb5	QUI53	JABON PARA MANOS DELIX BICARBONATO 20 L		2025-11-09 03:29:54	0			0					0	false	1218				0		0	0		false	0	0	2025-11-09 03:29:54	bind_erp
b7720b95-acae-46b6-904c-9f191d51ca63	QUI90	D-FORTE 5 LITROS ENVASE POLIETILENO		2025-11-09 03:29:54	0			0					0	false	1600				0		0	0		false	0	0	2025-11-09 03:29:54	bind_erp
ea052c50-37f2-4d9d-b517-9ef5c66832a8	LV	LIMPIAVIDRIOS		2025-11-09 03:29:54	0			0					0	false	1244				0		0	0		false	0	0	2025-11-09 03:29:54	bind_erp
95071c69-b179-43b5-b551-9e6f5b142bd3	UNI20	PLAYERA POLO GRIS G		2025-11-09 03:29:54	0			0					0	false	1266				0		0	0		false	0	0	2025-11-09 03:29:54	bind_erp
6ae1284f-4160-41af-80f3-995d42dd2a32	QUI44	GEL ANTIBACTERIA AGRANEL		2025-11-09 03:29:54	0			0					0	false	1187				0		0	0		false	0	0	2025-11-09 03:29:54	bind_erp
4efd9d15-294d-40b8-acf2-993cbf977a80	JAR17	DISCO PARA PULIDORA 19  3M ROJO		2025-11-09 03:29:54	0			0					0	false	1151				0		0	0		false	0	0	2025-11-09 03:29:54	bind_erp
55561f09-a054-4a4f-9117-984a9799596d	QUI58	LIMPIADOR MULTIUSOS FABULOSO DE 1 LITRO, VARIOS AROMAS FORMULA ANTIBACETIAL.		2025-11-09 03:29:54	0			0					0	false	1239				0		0	0		false	0	0	2025-11-09 03:29:54	bind_erp
086eba68-a216-4d4d-90b7-9779fcfbc6a9	JAR14	CUBETA RIGIDA		2025-11-09 03:29:54	0			0					0	false	1124				0		0	0		false	0	0	2025-11-09 03:29:54	bind_erp
e5cc0cc7-6f58-4e50-86df-9619e66aa72e	BN40	BOLSA NEGRA 40x60, CALIBRE 200-300 FABRICACION NACIONAL		2025-11-09 03:29:54	0			0					0	false	1045				0		0	0		false	0	0	2025-11-09 03:29:54	bind_erp
32f70aeb-4b50-45e1-b4dd-9520c677ce2e	QUI60	PINOL OTRAS MEDIDAS		2025-11-09 03:29:54	0			0					0	false	1241				0		0	0		false	0	0	2025-11-09 03:29:54	bind_erp
86cfc697-d200-4c64-ae89-9490007c2488	QUI56	LIMPIADOR LIMA LIMON ARMONIA		2025-11-09 03:29:54	0			0					0	false	1237				0		0	0		false	0	0	2025-11-09 03:29:54	bind_erp
a435e1c8-c79a-4f07-874c-944924adc0bf	JAR4	BASE METALICA PARA MOP GRANDE		2025-11-09 03:29:54	0			0					0	false	1028				0		0	0		false	0	0	2025-11-09 03:29:54	bind_erp
3bd0eb71-5624-4d88-a603-93b6c3d1e58a	JAR18	DISCO PARA PULIDORA 19  3M VERDE		2025-11-09 03:29:54	0			0					0	false	1152				0		0	0		false	0	0	2025-11-09 03:29:54	bind_erp
d7b46c1e-6470-489a-92d0-9369295b2182	QUI78	SHAMPOO PARA MANOS DURAZNO		2025-11-09 03:29:54	0			0					0	false	1295				0		0	0		false	0	0	2025-11-09 03:29:54	bind_erp
04ea2f59-0f5f-41dc-914a-92f8d736bc54	EPP13	FAJA ELASTICA DE SEGURIDAD CHICA		2025-11-09 03:29:54	0			0					0	false	1170				0		0	0		false	0	0	2025-11-09 03:29:54	bind_erp
37086ce5-9193-41b2-9aa0-91117bcd11d2	LTX-G	CAJA DE GUANTE PARA EXPLORACION DE LATEX CON 100 PIEZAS TALLA GRANDE		2025-11-09 03:29:54	0			0					0	false	1076				0		0	0		false	0	0	2025-11-09 03:29:54	bind_erp
9d56205e-38fa-405f-ac5d-90b8dce48962	QUI19	CLORALEX 950 ML		2025-11-09 03:29:54	0			0					0	false	1111				0		0	0		false	0	0	2025-11-09 03:29:54	bind_erp
f665df42-501d-4a12-80d3-8ff211c53689	NIT-XCH	GUANTE DE NITRILO TALLA EXTRA CHICA		2025-11-09 03:29:54	0			0					0	false	1071				0		0	0		false	0	0	2025-11-09 03:29:54	bind_erp
0d2126ac-6654-4751-ae6d-8fd3fe16b1e1	EPP6	LENTE DE SEGURIDAD GRUESOS		2025-11-09 03:29:54	0			0					0	false	1234				0		0	0		false	0	0	2025-11-09 03:29:54	bind_erp
04d1f91c-b12a-4f5d-a0f8-8e524f6836ea	JAR81	TRAPEADOR HILAZA 450 G INDUSTRIAL DE USO RUDO		2025-11-09 03:29:54	0			0					0	false	1320				0		0	0		false	0	0	2025-11-09 03:29:54	bind_erp
a895b2ad-e61c-46d9-9a56-8e4ce35a37c2	NIT-CH	GUANTE DE NITRILO TALLA CHICA		2025-11-09 03:29:54	0			0					0	false	1070				0		0	0		false	0	0	2025-11-09 03:29:54	bind_erp
c7ccd677-28f1-4b92-871b-8e11dfc68cb4	JAR70	REPUESTO ECONOMICO P/ATOMIZADOR (pistola)		2025-11-09 03:29:54	0			0					0	false	1287				0		0	0		false	0	0	2025-11-09 03:29:54	bind_erp
9bc9b6df-4aac-45bb-8745-8d3102edeb26	HIG	TOALLA EN ROLLO ELITE BLANCA 6/180		2025-11-09 03:29:54	0			0					0	false	1339				0		0	0		false	0	0	2025-11-09 03:29:54	bind_erp
41ba43ad-a0ea-4ed6-b83a-8bf24550c7f7	JAR52	JALADOR  HEAVY DUTY CON BASE METALLICA NEGRO 75CM C/BASTON MADERA		2025-11-09 03:29:54	0			0					0	false	1221				0		0	0		false	0	0	2025-11-09 03:29:54	bind_erp
ceec6458-4705-4269-8ec4-89c4d8c0e7eb	SOL1	CALENTADOR SOLAR GRAVEDAD		2025-11-09 03:29:54	0			0					0	false	1079				0		0	0		false	0	0	2025-11-09 03:29:54	bind_erp
799812e5-c3c5-4bab-ae41-89bae0227eeb	QUI88	WIESE AEROSOL 323G		2025-11-09 03:29:54	0			0					0	false	1331				0		0	0		false	0	0	2025-11-09 03:29:54	bind_erp
3dfc618b-b67d-4e47-9305-897bbb40d256	LIMPIADOR	LIMPIADORES MULTIUSOS OTRAS MARCAS		2025-11-09 03:29:54	0			0					0	false	1614				0		0	0		false	0	0	2025-11-09 03:29:54	bind_erp
86f056bf-1a95-450d-89a0-894ee67f5cf4	COMP	COMPONENTES		2025-11-09 03:29:54	0			0					0	false	1653				0		0	0		false	0	0	2025-11-09 03:29:54	bind_erp
06e219c8-7bae-421c-9d09-8872064310a5	JAR25	BOMBA DESTAPACAÑOS PARA WC		2025-11-09 03:29:54	0			0					0	false	1058				0		0	0		false	0	0	2025-11-09 03:29:54	bind_erp
7a10e6ac-7a3c-46f5-8ee6-885bbb919d08	EPP29	GUANTE DE NITRILO VERDE NO. 9		2025-11-09 03:29:54	0			0					0	false	1193				0		0	0		false	0	0	2025-11-09 03:29:54	bind_erp
35031e50-7250-4eb1-ad15-870537ba2a73	QUI33	DETERGENTE EN POLVO BIODEGRADABLE ROMA 5 KG		2025-11-09 03:29:54	0			0					0	false	1139				0		0	0		false	0	0	2025-11-09 03:29:54	bind_erp
2afc4e41-ad40-4cbb-a2bd-840c794b5efc	LTX-M	CAJA DE GUANTE PARA EXPLORACION DE LATEX CON 100 PIEZAS TALLA MEDIANA		2025-11-09 03:29:54	0			0					0	false	1077				0		0	0		false	0	0	2025-11-09 03:29:54	bind_erp
6908591a-dbf5-49c9-8803-83e6cd263168	QUI23	CLORO		2025-11-09 03:29:54	0			0					0	false	1115				0		0	0		false	0	0	2025-11-09 03:29:54	bind_erp
744e86a7-f4f5-46c3-8d74-838382e5d9ef	JAR8	CEPILLO INCLINADO RIGIDO 30 CM S/BASTON. FABRICACION NACIONAL		2025-11-09 03:29:54	0			0					0	false	1100				0		0	0		false	0	0	2025-11-09 03:29:54	bind_erp
c8ed57bf-50d9-449b-a22f-8378015208f0	QUI70	PLEDGE		2025-11-09 03:29:54	0			0					0	false	1270				0		0	0		false	0	0	2025-11-09 03:29:54	bind_erp
895e969f-2e51-468e-ad5f-8181fdb1a017	PIN	PINTURA ESMALTE ALQUIDALICO DICOLOR 100 GALON		2025-11-09 03:29:54	0			0					0	false	1347				0		0	0		false	0	0	2025-11-09 03:29:54	bind_erp
9a6a295c-c053-467e-8e56-816ab38729da	QUI34	DETERGENTE MARCA UTIL DE 1 KG		2025-11-09 03:29:54	0			0					0	false	1140				0		0	0		false	0	0	2025-11-09 03:29:54	bind_erp
ffd07527-f1b1-4fab-a57c-805de2b0ea7f	BTFT	BOTELLA BOSTON 1 L CON TAPA FLIP TOP		2025-11-09 03:29:54	0			0					0	false	1064				0		0	0		false	0	0	2025-11-09 03:29:54	bind_erp
442be022-face-4352-b54a-7face802c7ba	QUI79	SHAMPOO PARA MANOS HERBAL		2025-11-09 03:29:54	0			0					0	false	1296				0		0	0		false	0	0	2025-11-09 03:29:54	bind_erp
8d422adc-fcdd-4b3c-8c3e-7f6b7376bdce	EPP10	CUBREBOCAS TRICAPA CAJA C/50 PIEZAS		2025-11-09 03:29:54	0			0					0	false	1125				0		0	0		false	0	0	2025-11-09 03:29:54	bind_erp
9a262d73-37c0-48c5-ab11-7f37c727c828	EPP11	CHALECO ALTA VISIBILIDAD VERDE		2025-11-09 03:29:54	0			0					0	false	1105				0		0	0		false	0	0	2025-11-09 03:29:54	bind_erp
a183a342-efa5-40c3-a736-7ec962e5ef66	QUI55	LIMPIADOR FRESCO PINO		2025-11-09 03:29:54	0			0					0	false	1236				0		0	0		false	0	0	2025-11-09 03:29:54	bind_erp
3477e543-8933-410d-9c5a-7e8412e7a262	QUI11	ALCOHOL ISOPROPILICO 70%		2025-11-09 03:29:54	0			0					0	false	1011				0		0	0		false	0	0	2025-11-09 03:29:54	bind_erp
207716d8-304d-4476-86f0-7e5781007b28	UNIP	PANTALON HOMBRE CLARIOS TALLA G (38)		2025-11-09 03:29:54	0			0					0	false	1631				0		0	0		false	0	0	2025-11-09 03:29:54	bind_erp
88dfbd7d-342c-466f-8e88-7e14e9b4389b	QUI40	DETERGENTE LIQUIDO LAVATRASTES AXION 2.8L		2025-11-09 03:29:54	0			0					0	false	1146				0		0	0		false	0	0	2025-11-09 03:29:54	bind_erp
71e1d883-3935-4fbc-8589-7dc4b2c59059	QUI27	DESINFECTANTE LISTO PARA ATOMIZAR Y NEBULIZAR, BASE SALES CUATERNARIAS DE AMONIO. MARCA ARMONIA.		2025-11-09 03:29:54	0			0					0	false	1130				0		0	0		false	0	0	2025-11-09 03:29:54	bind_erp
d0ed32f0-9a1b-46e1-addb-7b6cf3f902b8	UNI5	BATA AZUL MANGA CORTA MEDIANA		2025-11-09 03:29:54	0			0					0	false	1036				0		0	0		false	0	0	2025-11-09 03:29:54	bind_erp
f26088ef-9708-48db-a478-7b629db0e05e	HIG5	CONO DE PAPEL		2025-11-09 03:29:54	0			0					0	false	1121				0		0	0		false	0	0	2025-11-09 03:29:54	bind_erp
912e60e2-97ba-455a-8257-773755653d8a	JAR1	ATOMIZADOR DE PLASTICO DE 500 ML FABRICACION NACIONAL		2025-11-09 03:29:54	0			0					0	false	1023				0		0	0		false	0	0	2025-11-09 03:29:54	bind_erp
4d3221ff-5758-4b3a-8498-73ffa973e007	BN60	BOLSA NEGRA 60 x 90		2025-11-09 03:29:54	0			0					0	false	1047				0		0	0		false	0	0	2025-11-09 03:29:54	bind_erp
408f9bbc-0678-4ab9-8696-7245538ecb04	JAR60	PIEDRA POMEX		2025-11-09 03:29:54	0			0					0	false	1262				0		0	0		false	0	0	2025-11-09 03:29:54	bind_erp
84265be2-ae98-41e5-b0f1-716f92346e3a	QUI28	DESTAPACA�OS LIQUIDO		2025-11-09 03:29:54	0			0					0	false	1134				0		0	0		false	0	0	2025-11-09 03:29:54	bind_erp
af7d5ed7-9eef-4a48-a126-6fc18b7c0a63	UNI22	PLAYERA POLO GRIS XG		2025-11-09 03:29:54	0			0					0	false	1268				0		0	0		false	0	0	2025-11-09 03:29:54	bind_erp
2bf69a62-3778-41b4-9d1d-6e882b9690a6	ESPINO	ESCENCIA AROMA PINO		2025-11-09 03:29:54	0			0					0	false	1641				0		0	0		false	0	0	2025-11-09 03:29:54	bind_erp
1b9459bd-e626-4521-a141-6dd7ffa5ee89	EQ1	BASE PULIDORA		2025-11-09 03:29:54	0			0					0	false	1030				0		0	0		false	0	0	2025-11-09 03:29:54	bind_erp
88f06569-7e32-4c83-9453-6c5d0a747bc7	JAR3	BASE METALICA  PARA MOP 60 CM		2025-11-09 03:29:54	0			0					0	false	1027				0		0	0		false	0	0	2025-11-09 03:29:54	bind_erp
0fa96881-6a58-4057-a481-6be41356d580	EPP8	TAPON AUDITIVO REHUSABLE		2025-11-09 03:29:54	0			0					0	false	1304				0		0	0		false	0	0	2025-11-09 03:29:54	bind_erp
32930397-9b92-42bc-8a65-6b7c7cfc4928	UNI8	BATA BLANCA MANGA LARGA GRANDE		2025-11-09 03:29:54	0			0					0	false	1039				0		0	0		false	0	0	2025-11-09 03:29:54	bind_erp
0303e4b0-24e6-4593-a840-6b587d05b87d	BAR	BARRA DE MAGNESIO		2025-11-09 03:29:54	0			0					0	false	1644				0		0	0		false	0	0	2025-11-09 03:29:54	bind_erp
97744339-d8e7-4102-8af8-6a8c25eed3c3	QUI31	DETERGENTE EN POLVO 500 G UTIL . BIODEGADABLE		2025-11-09 03:29:54	0			0					0	false	1137				0		0	0		false	0	0	2025-11-09 03:29:54	bind_erp
1c4c1561-1927-4c00-ae0c-69a697616bbb	JAR10	CEPILLO SUAVE BLOCK PLASTICO  8  MODELO 1808-P		2025-11-09 03:29:54	0			0					0	false	1102				0		0	0		false	0	0	2025-11-09 03:29:54	bind_erp
7cfe6ed8-35ed-402d-bcee-68610a2ce7d3	LIMONV	ESENCIA LIMÓN VERDE AROMATICOS		2025-11-09 03:29:54	0			0					0	false	1652				0		0	0		false	0	0	2025-11-09 03:29:54	bind_erp
a9dfc4c9-deba-4ad0-9857-6786947e24d9	ML	MATERIAL DE LABORATORIO		2025-11-09 03:29:54	0			0					0	false	1602				0		0	0		false	0	0	2025-11-09 03:29:54	bind_erp
2b915c91-e528-4692-bc3d-65a786cef9db	LAS	LAS		2025-11-09 03:29:54	0			0					0	false	1230				0		0	0		false	0	0	2025-11-09 03:29:54	bind_erp
805ac097-147e-4625-9516-659850ff2161	JAR56	JALADOR PROFESIONAL PARA CRISTALES		2025-11-09 03:29:54	0			0					0	false	1225				0		0	0		false	0	0	2025-11-09 03:29:54	bind_erp
f0ee522f-2d73-4aba-b396-6512dae14ab6	JAR42	GUANTE LATEX AMARILLO MEDIANO		2025-11-09 03:29:54	0			0					0	false	1196				0		0	0		false	0	0	2025-11-09 03:29:54	bind_erp
5f1c471a-d0dc-4f9a-a892-650209929274	QUI22	CLORALEX GEL 950  ML		2025-11-09 03:29:54	0			0					0	false	1114				0		0	0		false	0	0	2025-11-09 03:29:54	bind_erp
05a8c63c-77b2-4faa-90c2-63aa63c3e88a	QUI1	ABRILLANTADOR DE MUEBLES WIESE		2025-11-09 03:29:54	0			0					0	false	1000				0		0	0		false	0	0	2025-11-09 03:29:54	bind_erp
93b119e7-aef0-4d6b-ac6b-63a4b41aaeef	JAR28	FIBRA ESPIRAL METALICA, 7 CM DE DI�METRO. MARCA YULIANA		2025-11-09 03:29:54	0			0					0	false	1174				0		0	0		false	0	0	2025-11-09 03:29:54	bind_erp
cb6decd9-5005-4f4c-ad14-639dfb857490	UNI14	CAMISA MEZCLILLA CON REFLEJANTE XXG (44)		2025-11-09 03:29:54	0			0					0	false	1095				0		0	0		false	0	0	2025-11-09 03:29:54	bind_erp
855471ac-c886-4fbc-afd7-63867a90a981	DES	DESECHABLE COMPRAS		2025-11-09 03:29:54	0			0					0	false	1417				0		0	0		false	0	0	2025-11-09 03:29:54	bind_erp
1f2eb109-753e-474a-b7e3-632c5fad5aaf	QUI24	CLOROX 930 ML		2025-11-09 03:29:54	0			0					0	false	1116				0		0	0		false	0	0	2025-11-09 03:29:54	bind_erp
b9186f9e-ec95-4d75-a134-61d41d550e22	EPP12	CHALECO DE MALLA CON REFLEJANTE NARANJA		2025-11-09 03:29:54	0			0					0	false	1106				0		0	0		false	0	0	2025-11-09 03:29:54	bind_erp
ea88754b-6197-4953-a026-618523bd0b07	JAR7	CEPILLO 8  COMFORT GRIP EN NYLON MOD. 3204		2025-11-09 03:29:54	0			0					0	false	1099				0		0	0		false	0	0	2025-11-09 03:29:54	bind_erp
bf6733c7-afa5-47f6-9650-6112c3502119	QUI14	AROMATIZANTE AMBIENTAL LIMA-LIMON MARCA ARMONIA		2025-11-09 03:29:54	0			0					0	false	1021				0		0	0		false	0	0	2025-11-09 03:29:54	bind_erp
b9da0477-9935-431b-b35f-5f23481ecadb	QUI7	ACIDO MURIATICO		2025-11-09 03:29:54	0			0					0	false	1006				0		0	0		false	0	0	2025-11-09 03:29:54	bind_erp
40a418fc-9368-4dd7-8702-5f0c91aca26b	QUI4	ACEITE PARA MOP		2025-11-09 03:29:54	0			0					0	false	1003				0		0	0		false	0	0	2025-11-09 03:29:54	bind_erp
bbdad472-a634-4faf-92d2-5ed5f9dc7ae0	BN90	BOLSA NEGRA 90 X 120		2025-11-09 03:29:54	0			0					0	false	1048				0		0	0		false	0	0	2025-11-09 03:29:54	bind_erp
cd9ff4f5-5bd7-411b-9aa7-5ebc4cdc24a7	SAL	CLORURO DE SODIO  (SAL)		2025-11-09 03:29:54	0			0					0	false	1117				0		0	0		false	0	0	2025-11-09 03:29:54	bind_erp
cdf49742-744a-483b-91a0-5cfff89e74bc	JAR64	PLUMERO MICROFIBRA EXTENCION  COPAR		2025-11-09 03:29:54	0			0					0	false	1274				0		0	0		false	0	0	2025-11-09 03:29:54	bind_erp
9a73e253-cea5-456f-96b2-5b5b8277c80d	CESTO	CESTO DE BASURA		2025-11-09 03:29:54	0			0					0	false	1610				0		0	0		false	0	0	2025-11-09 03:29:54	bind_erp
0b1099d2-f6d3-4b04-8668-5b1577bf7f92	SOL2	CALENTADOR SOLAR ALTA PRESI�N		2025-11-09 03:29:54	0			0					0	false	1078				0		0	0		false	0	0	2025-11-09 03:29:54	bind_erp
8c495f53-9470-42aa-b138-5ae8a97ea60f	MC	MATERIAL DE CURACION		2025-11-09 03:29:54	0			0					0	false	1443				0		0	0		false	0	0	2025-11-09 03:29:54	bind_erp
af57c0c3-8e0e-4a38-919c-5a8a8bba8f64	SUP	SUPLEMENTOS ALIMENTICIOS		2025-11-09 03:29:54	0			0					0	false	1647				0		0	0		false	0	0	2025-11-09 03:29:54	bind_erp
d728a0a0-1013-468a-9d46-59966d4e5b94	UNI6	BATA AZUL MANGA CORTA DOBLE EXTRA GRANDE		2025-11-09 03:29:54	0			0					0	false	1642				0		0	0		false	0	0	2025-11-09 03:29:54	bind_erp
f28fcda9-e5ac-41ee-82b4-595f2ffa17d0	TRICLORO	TRICLORO 90% GRANULADO CUÑETE DE 50 KG		2025-11-09 03:29:54	0			0					0	false	1335				0		0	0		false	0	0	2025-11-09 03:29:54	bind_erp
6f7dd381-a91f-4517-8e28-5642101556f9	QUI12	AROMATIZANTE AMBIENTAL EN AEROSOL GDOS 450 ML/350 GR. PRESENTACI�N DE 450 ML		2025-11-09 03:29:54	0			0					0	false	1019				0		0	0		false	0	0	2025-11-09 03:29:54	bind_erp
219d32f7-0b6c-4933-a795-560d08692e07	EQ-07	VALVULA PARA PORRON		2025-11-09 03:29:54	0			0					0	false	1329				0		0	0		false	0	0	2025-11-09 03:29:54	bind_erp
681cfff0-3b76-4f68-bb79-55448bdb0a73	JAR5	BASE METALICA PARA MOP DE 90		2025-11-09 03:29:54	0			0					0	false	1029				0		0	0		false	0	0	2025-11-09 03:29:54	bind_erp
9f33776e-4ab8-435b-9e22-53c746876856	JAR6	BASTON DE LÁMINA		2025-11-09 03:29:54	0			0					0	false	1031				0		0	0		false	0	0	2025-11-09 03:29:54	bind_erp
6a6d2af0-2430-4212-bc3a-53772779f181	JAR12	CUBETA FLEXIBLE		2025-11-09 03:29:54	0			0					0	false	1122				0		0	0		false	0	0	2025-11-09 03:29:54	bind_erp
536a3a7e-d289-48a1-83be-528b487a9a4d	UNIP	PANTALON HOMBRE CLARIOS TALLA XXL (44)		2025-11-09 03:29:54	0			0					0	false	1633				0		0	0		false	0	0	2025-11-09 03:29:54	bind_erp
f1ecbf4c-60ae-4f65-82d1-50f4d3fc2b0e	JAR45	GUANTE LATEX AZUL MEDIANO		2025-11-09 03:29:54	0			0					0	false	1199				0		0	0		false	0	0	2025-11-09 03:29:54	bind_erp
505da2f8-e352-4c29-871a-50f28143a998	EPP18	GUANTE DE NYLON CON PALMA DE NITRILO CHICO		2025-11-09 03:29:54	0			0					0	false	1206				0		0	0		false	0	0	2025-11-09 03:29:54	bind_erp
4b794ec4-fab2-4720-90c9-50e5c80dc434	EQ10	OXIMETRO		2025-11-09 03:29:54	0			0					0	false	1253				0		0	0		false	0	0	2025-11-09 03:29:54	bind_erp
db641692-b02d-4612-a3f1-5036b726e40b	JAR19	EMBUDO GRANDE		2025-11-09 03:29:54	0			0					0	false	1154				0		0	0		false	0	0	2025-11-09 03:29:54	bind_erp
5092e674-b8e7-4f1b-8111-4e943c89de70	QUI20	CLORALEX GEL 2 LITROS		2025-11-09 03:29:54	0			0					0	false	1112				0		0	0		false	0	0	2025-11-09 03:29:54	bind_erp
e1d2fdf8-1f62-43ab-b387-4e771dec63a6	ETIGR	ETIQUETA DE VINIL GRANDE (1/2)		2025-11-09 03:29:54	0			0					0	false	1650				0		0	0		false	0	0	2025-11-09 03:29:54	bind_erp
47a5d937-2834-4c9d-becd-4de5e1188197	Z27	CALZADO DE SEGURIDAD NO. 27		2025-11-09 03:29:54	0			0					0	false	1085				0		0	0		false	0	0	2025-11-09 03:29:54	bind_erp
405ed247-43b2-40b9-9be5-4cb39d19da6c	QUI36	DETERGENTE EN POLVO MARCA UTIL DE 5 KG BIODEGRADABLE		2025-11-09 03:29:54	0			0					0	false	1142				0		0	0		false	0	0	2025-11-09 03:29:54	bind_erp
fa4274b1-8fb5-49fe-a7a0-4ba7bf427b59	UNI13	CAMISA MEZCLILLA CON REFLEJANTE MEDIANA (38)		2025-11-09 03:29:54	0			0					0	false	1094				0		0	0		false	0	0	2025-11-09 03:29:54	bind_erp
cf0d2208-839d-40d5-bb0d-4b80089f54fa	NIT-G	GUANTE DE NITRILO TALLA GRANDE		2025-11-09 03:29:54	0			0					0	false	1073				0		0	0		false	0	0	2025-11-09 03:29:54	bind_erp
dd76a039-4e7a-4fad-9d48-4b777ae0a2a1	JAR22	ESCOBA CEPILLO GRANDE		2025-11-09 03:29:54	0			0					0	false	1157				0		0	0		false	0	0	2025-11-09 03:29:54	bind_erp
41386462-4c7b-40e9-95e6-4b08382f7b88	JAR39	FUNDA PARA MOP GRANDE		2025-11-09 03:29:54	0			0					0	false	1186				0		0	0		false	0	0	2025-11-09 03:29:54	bind_erp
f0b6d4ce-fc1d-4f74-a54a-4afb39b8fcfc	QUI77	SHAMPOO PARA MANOS COCO		2025-11-09 03:29:54	0			0					0	false	1294				0		0	0		false	0	0	2025-11-09 03:29:54	bind_erp
ef984087-0eec-400c-bdac-49feb8b1c8bf	HIG20	TOALLA EN ROLLO KRAFT FAPSA TR03610,160 MTS		2025-11-09 03:29:54	0			0					0	false	1310				0		0	0		false	0	0	2025-11-09 03:29:54	bind_erp
29816996-f543-48e7-b0f4-48fa9bf611ff	EPP02	BARBIQUEJO		2025-11-09 03:29:54	0			0					0	false	1026				0		0	0		false	0	0	2025-11-09 03:29:54	bind_erp
a51d892d-eb56-4d12-9163-489537b7edac	QUI89	WIESE REPUESTO DE AROMATIZANTE 180GR		2025-11-09 03:29:54	0			0					0	false	1332				0		0	0		false	0	0	2025-11-09 03:29:54	bind_erp
3343521e-24fc-4af8-a856-478acd05a6e6	JAR2	ATOMIZADOR DE PLASTICO USO RUDO 1 LT		2025-11-09 03:29:54	0			0					0	false	1024				0		0	0		false	0	0	2025-11-09 03:29:54	bind_erp
8cf4a744-6a5f-432d-86d8-47425f8a782c	QUI6	ACIDO CLORHIDRICO		2025-11-09 03:29:54	0			0					0	false	1005				0		0	0		false	0	0	2025-11-09 03:29:54	bind_erp
3994d01c-699e-4d04-b6f9-463b400ce7cc	JAR76	TAPETE PARA MINGITORIO C/ PASTILLA		2025-11-09 03:29:54	0			0					0	false	1302				0		0	0		false	0	0	2025-11-09 03:29:54	bind_erp
fd8b7923-d3be-4267-a387-451b38891e4a	JAR71	REPUESTO INDUSTRIAL P/ATOMIZADOR (pistola)		2025-11-09 03:29:54	0			0					0	false	1288				0		0	0		false	0	0	2025-11-09 03:29:54	bind_erp
bb0ad448-f2e7-40de-b23c-4035982f14bb	EPP5	LENTE DE SEGURIDAD DEPORTIVO MICA CLARA		2025-11-09 03:29:54	0			0					0	false	1233				0		0	0		false	0	0	2025-11-09 03:29:54	bind_erp
57e441b0-f009-46db-bf2f-3fa7874a1a2b	JAR78	TRAPEADOR DE ALGODON DE 500 GR		2025-11-09 03:29:54	0			0					0	false	1317				0		0	0		false	0	0	2025-11-09 03:29:54	bind_erp
4fc57c97-93e1-495c-a807-3f16b6a184e6	RS	FERRETERIA EN GENERAL		2025-11-09 03:29:54	0			0					0	false	1345				0		0	0		false	0	0	2025-11-09 03:29:54	bind_erp
2deccc1b-3d04-4db6-9a35-3e327ca5eac8	QUI42	D-FORTE DESENGRASANTE CONCENTRADO		2025-11-09 03:29:54	0			0					0	false	1148				0		0	0		false	0	0	2025-11-09 03:29:54	bind_erp
8d5e90dd-c124-4d4d-90f5-3e2707740e4a	QUI52	JABON MULTIUSOS		2025-11-09 03:29:54	0			0					0	false	1217				0		0	0		false	0	0	2025-11-09 03:29:54	bind_erp
5a5f1202-f356-402d-9880-3db9acfa53a0	EQ2	BOLSA PARA CARRITO CONSERGERO		2025-11-09 03:29:54	0			0					0	false	1051				0		0	0		false	0	0	2025-11-09 03:29:54	bind_erp
6ace2d1b-f4e1-4ab1-ab30-3d50de322ece	JAR62	PLUMERO DE CARRIZO PARA TECHO		2025-11-09 03:29:54	0			0					0	false	1272				0		0	0		false	0	0	2025-11-09 03:29:54	bind_erp
efce7082-438f-4616-a3c6-3c9d4103f784	EPP07	CONCHA 3M N95		2025-11-09 03:29:54	0			0					0	false	1120				0		0	0		false	0	0	2025-11-09 03:29:54	bind_erp
e71035f4-ae63-4d6a-b5ea-3a572a5de859	EPP20	GUANTE DE NYLON CON PALMA DE NITRILO GRANDE		2025-11-09 03:29:54	0			0					0	false	1208				0		0	0		false	0	0	2025-11-09 03:29:54	bind_erp
363b58e3-e619-4c42-9c7c-3a15948508ed	QUI15	AROMATIZANTE CANELA FABRICACION NACIONAL		2025-11-09 03:29:54	0			0					0	false	1022				0		0	0		false	0	0	2025-11-09 03:29:54	bind_erp
f2a64fe9-17e4-4761-b8b4-396ee0b10a47	QUI45	GERMICIDA A GRANEL		2025-11-09 03:29:54	0			0					0	false	1188				0		0	0		false	0	0	2025-11-09 03:29:54	bind_erp
ac9d716d-cdd4-43c3-88ec-393257cfa288	NIT-XG	GUANTE DE NITRILO TALLA EXTRA GRANDE		2025-11-09 03:29:54	0			0					0	false	1072				0		0	0		false	0	0	2025-11-09 03:29:54	bind_erp
308dba0d-8be6-4e89-bd7d-38351e58e826	FIBRA CON ESPONJA	FIBRA VERDE CON ESPONJA		2025-11-09 03:29:54	0			0					0	false	1366				0		0	0		false	0	0	2025-11-09 03:29:54	bind_erp
ad0b59e9-76e7-450f-9283-380e86d59c30	Z29	CALZADO DE SEGURIDAD NO. 29		2025-11-09 03:29:54	0			0					0	false	1087				0		0	0		false	0	0	2025-11-09 03:29:54	bind_erp
d3889d33-ad16-4795-96ab-37d5395859b6	BT6060	BOLSA TRANSPARENTE 60 x 60 FABRICACION NACIONAL		2025-11-09 03:29:54	0			0					0	false	1055				0		0	0		false	0	0	2025-11-09 03:29:54	bind_erp
31a2a528-8849-490a-be58-37601db4edc1	ELEC	ELECTROLITOS		2025-11-09 03:29:54	0			0					0	false	1608				0		0	0		false	0	0	2025-11-09 03:29:54	bind_erp
59a86e32-33a0-4800-aa54-372224d027f7	UNI4	BATA AZUL MANGA CORTA GRANDE		2025-11-09 03:29:54	0			0					0	false	1035				0		0	0		false	0	0	2025-11-09 03:29:54	bind_erp
b43efc3e-aef3-4db5-ada9-36d6b711c691	JAR49	GUANTE LATEX VERDE CHICO		2025-11-09 03:29:54	0			0					0	false	1203				0		0	0		false	0	0	2025-11-09 03:29:54	bind_erp
368cd27d-74a7-4a3f-b6a6-3638f5ea3e6c	IMP	IMPERMEABILIZANTE		2025-11-09 03:29:54	0			0					0	false	1607				0		0	0		false	0	0	2025-11-09 03:29:54	bind_erp
f74814d1-25ac-43e8-aedb-356ea7404d83	VA-01	VASO RECOLECTOR ,CILINDRO ESTERIL 100 ML		2025-11-09 03:29:54	0			0					0	false	1330				0		0	0		false	0	0	2025-11-09 03:29:54	bind_erp
ed195c12-24dd-45d4-b4df-33e12598274f	QUI68	PASTILLAS DE CLORO 90% TRICLORO DE 1"		2025-11-09 03:29:54	0			0					0	false	1260				0		0	0		false	0	0	2025-11-09 03:29:54	bind_erp
9eaedfef-21a6-47c6-aaa5-31d9348bb662	883	CORDON 883, ROLLO 100 METROS.		2025-11-09 03:29:54	0			0					0	false	1619				0		0	0		false	0	0	2025-11-09 03:29:54	bind_erp
582320f8-7e99-4b18-a519-2fbaac858df5	JAR51	GUANTE LATEX VERDE MEDIANO		2025-11-09 03:29:54	0			0					0	false	1205				0		0	0		false	0	0	2025-11-09 03:29:54	bind_erp
d6546176-4403-474f-8ea2-2fb76b547169	UNI19	PLAYERA POLO GRIS CH		2025-11-09 03:29:54	0			0					0	false	1265				0		0	0		false	0	0	2025-11-09 03:29:54	bind_erp
6f17ec9a-ca09-438e-83e4-2f5626b063b8	QUI65	LYSOL AEROSOL DE 354 GR		2025-11-09 03:29:54	0			0					0	false	1246				0		0	0		false	0	0	2025-11-09 03:29:54	bind_erp
f3e1df6a-af39-4258-b4ab-2e30951e4a25	BA10	BOTELLA ANILLADA DE 10 LITROS		2025-11-09 03:29:54	0			0					0	false	1062				0		0	0		false	0	0	2025-11-09 03:29:54	bind_erp
a0e1d023-82f1-4e56-a601-2d5bca70eb7c	HIG	PAPEL HIGIENICO ELITE BOBINA JUNIOR HD 12/180		2025-11-09 03:29:54	0			0					0	false	1340				0		0	0		false	0	0	2025-11-09 03:29:54	bind_erp
0bae1ec9-d041-4c24-bb3b-2cad075b3817	JAR82	TRAPEADOR MICROFIBRA		2025-11-09 03:29:54	0			0					0	false	1321				0		0	0		false	0	0	2025-11-09 03:29:54	bind_erp
b8c09fd9-125d-4d03-a392-2ba54fe8391e	UNIP	PANTALON HOMBRE CLARIOS TALLA M (40)		2025-11-09 03:29:54	0			0					0	false	1630				0		0	0		false	0	0	2025-11-09 03:29:54	bind_erp
ec4bfd20-7f32-449d-92ae-2b3a4c1167e6	QUI41	DETERGENTE LIQUIDO LAVATRASTES 900ML		2025-11-09 03:29:54	0			0					0	false	1147				0		0	0		false	0	0	2025-11-09 03:29:54	bind_erp
0f517dfd-5cab-4fc3-93f7-2ac3ca09a25e	BTA30	BOLSA TRANSPARENTE 30 X 60 CON ASA		2025-11-09 03:29:54	0			0					0	false	1053				0		0	0		false	0	0	2025-11-09 03:29:54	bind_erp
57b6f300-fbc1-4b3c-b273-2a8a35540ad4	JAR66	RECOGEDOR DE PLASTICO		2025-11-09 03:29:54	0			0					0	false	1282				0		0	0		false	0	0	2025-11-09 03:29:54	bind_erp
46a9e3fa-2046-4217-83eb-29f5fc65c0c2	FIBRA VERDE	FIBRA VERDE		2025-11-09 03:29:54	0			0					0	false	1365				0		0	0		false	0	0	2025-11-09 03:29:54	bind_erp
03feb6ab-3612-40ac-9c64-29920aa1a702	BT90	BOLSA TRANSPARENTE 90 X 120 CALIBRE 200-300		2025-11-09 03:29:54	0			0					0	false	1057				0		0	0		false	0	0	2025-11-09 03:29:54	bind_erp
8f484b98-7499-4033-9156-294367922895	HIG28	TOALLA INTERDO FAPSA TI2250 8/250 PSF		2025-11-09 03:29:54	0			0					0	false	1312				0		0	0		false	0	0	2025-11-09 03:29:54	bind_erp
247fb465-a0f7-4405-9eb7-28ee1add2b93	JAR79	TRAPEADOR DE ALGODON GRANDE		2025-11-09 03:29:54	0			0					0	false	1318				0		0	0		false	0	0	2025-11-09 03:29:54	bind_erp
48002db9-4d61-4efd-b33e-28350e0713ad	JAR20	EMBUDO PLASTICO MEDIANO		2025-11-09 03:29:54	0			0					0	false	1155				0		0	0		false	0	0	2025-11-09 03:29:54	bind_erp
c9b7d19d-3a50-4703-8d45-26eeeb11ae27	JAR15	DISCO PARA PULIDORA 19  3M BLANCO		2025-11-09 03:29:54	0			0					0	false	1149				0		0	0		false	0	0	2025-11-09 03:29:54	bind_erp
eab1c7ac-e129-4c49-aaaa-24e95928ad12	QUI13	AROMATIZANTE AMBIENTAL LAVANDA MARCA ARMONIA		2025-11-09 03:29:54	0			0					0	false	1020				0		0	0		false	0	0	2025-11-09 03:29:54	bind_erp
e00aa20e-ff2b-43ee-b71c-24921e2c2c3b	UNIP	PANTALON HOMBRE CLARIOS TALLA XL (42)		2025-11-09 03:29:54	0			0					0	false	1632				0		0	0		false	0	0	2025-11-09 03:29:54	bind_erp
004ef403-d76d-48eb-a8f2-2460c5e46ea1	JAR55	JALADOR PARA VIDRIOS CON ESPONJA DE 20 CM		2025-11-09 03:29:54	0			0					0	false	1224				0		0	0		false	0	0	2025-11-09 03:29:54	bind_erp
4ad6f5db-8cde-4241-90ca-1c932facf0f9	QUI66	LYSOL AEROSOL DE 475 GR		2025-11-09 03:29:54	0			0					0	false	1247				0		0	0		false	0	0	2025-11-09 03:29:54	bind_erp
6005343a-b4b5-4632-908b-1bc9ddec241b	Z30	CALZADO DE SEGURIDAD NO. 30		2025-11-09 03:29:54	0			0					0	false	1088				0		0	0		false	0	0	2025-11-09 03:29:54	bind_erp
7fd7efba-fc5c-4b49-8dcd-1bb63c1a1121	JAR9	CEPILLO PARA WC		2025-11-09 03:29:54	0			0					0	false	1101				0		0	0		false	0	0	2025-11-09 03:29:54	bind_erp
cbf7c317-d603-4c56-8dd4-1b355af32ab7	QUI64	SARRICIDA		2025-11-09 03:29:54	0			0					0	false	1245				0		0	0		false	0	0	2025-11-09 03:29:54	bind_erp
a5779032-bd62-4414-8758-1b00d6006b4f	JAR38	FUNDA PARA MOP 90CM		2025-11-09 03:29:54	0			0					0	false	1185				0		0	0		false	0	0	2025-11-09 03:29:54	bind_erp
549e3703-764f-41e6-bcbf-18882b173a17	RF	REFACCIONES		2025-11-09 03:29:54	0			0					0	false	1643				0		0	0		false	0	0	2025-11-09 03:29:54	bind_erp
45f45b81-ec6b-4a87-9506-184fcefb2d17	ESEOLOR	ESCENCIA ELIMINADOR DE OLORES		2025-11-09 03:29:54	0			0					0	false	1640				0		0	0		false	0	0	2025-11-09 03:29:54	bind_erp
a5cdc373-6986-4779-9c88-1814990d9420	EPP12	CUBREBOCAS MASCARILLA KN 95		2025-11-09 03:29:54	0			0					0	false	1126				0		0	0		false	0	0	2025-11-09 03:29:54	bind_erp
cab785c5-7406-4959-9e60-17d8d6b7b9e4	JAR84	CUBETA OTRA ESPECIFICACION		2025-11-09 03:29:54	0			0					0	false	1334				0		0	0		false	0	0	2025-11-09 03:29:54	bind_erp
cab8b93f-f120-490a-8642-16419791b461	PRODUCTO	INSECTICIDAS		2025-11-09 03:29:54	0			0					0	false	1604				0		0	0		false	0	0	2025-11-09 03:29:54	bind_erp
17dcde2e-c373-4d08-84c5-15b69ec8299b	Z22	CALZADO DE SEGURIDAD NO. 22		2025-11-09 03:29:54	0			0					0	false	1080				0		0	0		false	0	0	2025-11-09 03:29:54	bind_erp
59939d9d-f80e-4d05-b83c-129bb8448af1	QUI3	ACEITE DE PINO		2025-11-09 03:29:54	0			0					0	false	1002				0		0	0		false	0	0	2025-11-09 03:29:54	bind_erp
99f7300f-1f10-42c5-9094-123bcc1738b3	JAR26	ESPONJA AUTOMOTR�Z		2025-11-09 03:29:54	0			0					0	false	1167				0		0	0		false	0	0	2025-11-09 03:29:54	bind_erp
297d118b-5e40-4062-b119-117ca5918fe1	ANTI	ANTIDOPING 5 ELEMENTOS		2025-11-09 03:29:54	0			0					0	false	1013				0		0	0		false	0	0	2025-11-09 03:29:54	bind_erp
9c994194-a8f6-4c2f-a55a-1144a126804d	QUI38	DETERGENTE LAVATRASTES		2025-11-09 03:29:54	0			0					0	false	1144				0		0	0		false	0	0	2025-11-09 03:29:54	bind_erp
6e9a57c5-f0b9-495e-af4b-0ee2da134770	EQ3	CABALLETE PISO MOJADO		2025-11-09 03:29:54	0			0					0	false	1068				0		0	0		false	0	0	2025-11-09 03:29:54	bind_erp
0d887c5b-0fab-40d9-95f8-0ee157e96b97	A-ECO	ATOMIZADOR ECONÓMICO 1 LT		2025-11-09 03:29:54	0			0					0	false	1645				0		0	0		false	0	0	2025-11-09 03:29:54	bind_erp
c631cd25-fabb-4368-bcd6-0ec0540de891	QUI72	QUIMICOS SOBRE PEDIDO		2025-11-09 03:29:54	0			0					0	false	1279				0		0	0		false	0	0	2025-11-09 03:29:54	bind_erp
e036daa4-7aa2-44e9-a021-0eaae8320c10	EPP15	CASCO DE SEGURIDAD CON AJUSTE		2025-11-09 03:29:54	0			0					0	false	1098				0		0	0		false	0	0	2025-11-09 03:29:54	bind_erp
acf34155-8a53-41e8-afa0-0df484e939f1	EQ4	CARRO DE LIMPEZA		2025-11-09 03:29:54	0			0					0	false	1096				0		0	0		false	0	0	2025-11-09 03:29:54	bind_erp
794cdca6-e0eb-466e-bb67-0bf2924ff57d	BT30	BOLSA TRANSPARENTE 30 x 40 FABRICACION NACIONAL		2025-11-09 03:29:54	0			0					0	false	1052				0		0	0		false	0	0	2025-11-09 03:29:54	bind_erp
58477444-b7b5-41a8-9f69-0be58c0c2bd9	Z23	CALZADO DE SEGURIDAD NO. 23		2025-11-09 03:29:54	0			0					0	false	1081				0		0	0		false	0	0	2025-11-09 03:29:54	bind_erp
569958ed-e594-4c12-8fc5-0a9ac6d69e7b	JAR34	FRANELA BLANCA 50 CM X 100 CM		2025-11-09 03:29:54	0			0					0	false	1181				0		0	0		false	0	0	2025-11-09 03:29:54	bind_erp
7e20aff7-0042-4039-a529-09595d44bf4f	JAR27	FIBRA CON ESPONJA TIPO FREGÓN		2025-11-09 03:29:54	0			0					0	false	1173				0		0	0		false	0	0	2025-11-09 03:29:54	bind_erp
04343a78-8280-40ee-94de-08d166daac57	PRODUCTO	AROMATIZANTE VARIOS		2025-11-09 03:29:54	0			0					0	false	1605				0		0	0		false	0	0	2025-11-09 03:29:54	bind_erp
e2980871-17a7-4da4-9406-082f9bcd0c31	QUI16	BACTERICIDA PARA CONSUMO DE ALIMENTOS DE 1 LITRO. MARCA MEMBERS MARK		2025-11-09 03:29:54	0			0					0	false	1025				0		0	0		false	0	0	2025-11-09 03:29:54	bind_erp
c7f73cbd-0d8f-4a7a-b2e8-d39d1889ecb8	Z28	CALZADO DE SEGURIDAD NO. 28		2025-11-09 03:29:54	0			0					0	false	1086				0		0	0		false	0	0	2025-11-09 03:29:54	bind_erp
776a079b-d8e3-46b7-98d0-d35df9329bfd	EMP	EMPAQUE		2025-11-09 03:29:54	0			0					0	false	1611				0		0	0		false	0	0	2025-11-09 03:29:54	bind_erp
c46efdbc-5e16-46a4-ae2f-d27af1028559	HIG1	HIGIENICO JUMBO JR HOJA DOBLE COLOR BLANCO 200 MTS MARLI 90509		2025-11-09 03:29:54	0			0					0	false	1211				0		0	0		false	0	0	2025-11-09 03:29:54	bind_erp
7a58467d-c60c-404c-b7a3-d0f086c743c0	QUI32	DETERGENTE EN POLVO BIODEGRADABLE ROMA 1KG		2025-11-09 03:29:54	0			0					0	false	1138				0		0	0		false	0	0	2025-11-09 03:29:54	bind_erp
b1165930-1d71-4884-9add-d0df5e764a19	JAR30	FIBRA VERDE CON ESPONJA, CHICA 120 x 80 MM SCOTH BRITE 3M P-94		2025-11-09 03:29:54	0			0					0	false	1176				0		0	0		false	0	0	2025-11-09 03:29:54	bind_erp
43aff36a-3ba5-4359-a811-cf09b979bcaf	QUI80	SOSA LIQUIDA		2025-11-09 03:29:54	0			0					0	false	1297				0		0	0		false	0	0	2025-11-09 03:29:54	bind_erp
f3621f98-21a4-41d3-b1fa-cdaad50b17a0	QUI37	DETERGENTE EN POLVO ROMA DE 10KG		2025-11-09 03:29:54	0			0					0	false	1143				0		0	0		false	0	0	2025-11-09 03:29:54	bind_erp
533d6d38-f3f4-4be1-ad6a-cda35893b84a	PORR	PORRON DE 20LT		2025-11-09 03:29:54	0			0					0	false	1276				0		0	0		false	0	0	2025-11-09 03:29:54	bind_erp
ece53df6-2745-44a8-a43f-cd60cdcac73c	EPP19	GUANTE DE NYLON CON PALMA DE NITRILO MEDIANO		2025-11-09 03:29:54	0			0					0	false	1207				0		0	0		false	0	0	2025-11-09 03:29:54	bind_erp
2037ca6f-b725-4234-ab91-cd5991185a68	VAL	VALVULAS		2025-11-09 03:29:54	0			0					0	false	1618				0		0	0		false	0	0	2025-11-09 03:29:54	bind_erp
7cee8ebd-ee40-400c-a264-cd3e1e358c88	BTDT	BOTELLA 60 ML TAPA DISCTOP		2025-11-09 03:29:54	0			0					0	false	1060				0		0	0		false	0	0	2025-11-09 03:29:54	bind_erp
0a072970-bbf5-4869-bd6f-dced0c42c145	HIG19	TOALLA EN ROLLO FAPSA  BLANCA 6 PZAS 180 MTS		2025-11-09 03:29:54	0			0					0	false	1308				0		0	0		false	0	0	2025-11-09 03:29:54	bind_erp
53dbd468-25ef-49f0-9cd9-deff4ffb79b7	QUI30	DETERGENTE EN POLVO 250 G UTIL . BIODEGRADABLE		2025-11-09 03:29:54	0			0					0	false	1136				0		0	0		false	0	0	2025-11-09 03:29:54	bind_erp
d7b89c75-2ae4-46af-bbc9-e047b15e1560	HIG24	PAPEL DALIA 200 HB19320		2025-11-09 03:29:54	0			0					0	false	1255				0		0	0		false	0	0	2025-11-09 03:29:54	bind_erp
281092e1-a4aa-4872-8d48-e0982743451b	QUI21	CLORALEX GEL 3.75 LITROS		2025-11-09 03:29:54	0			0					0	false	1113				0		0	0		false	0	0	2025-11-09 03:29:54	bind_erp
c359529f-af2f-443a-b140-e1215cbae35f	QUI54	JABON PARA ROPA ARCOLOR		2025-11-09 03:29:54	0			0					0	false	1219				0		0	0		false	0	0	2025-11-09 03:29:54	bind_erp
1a26ea8c-e8d4-4730-9249-e1801c67d1c1	FER3	ESPATULA FLEXIBLE ACERO INOXIDABLE CON MANGO		2025-11-09 03:29:54	0			0					0	false	1166				0		0	0		false	0	0	2025-11-09 03:29:54	bind_erp
d9e96492-64bb-4c54-b934-e2200c4cf551	ZAP	CALZADO ESPECIAL		2025-11-09 03:29:54	0			0					0	false	1090				0		0	0		false	0	0	2025-11-09 03:29:54	bind_erp
28782e04-88a0-49fd-a86c-e293cdece708	BA5	BOTELLA ANILLADA DE 5 LITROS		2025-11-09 03:29:54	0			0					0	false	1063				0		0	0		false	0	0	2025-11-09 03:29:54	bind_erp
20fca501-b3d0-449a-bfdf-e2a3ad55bf5b	HIG	PAPEL HIGIENICO OTRAS MARCAS		2025-11-09 03:29:54	0			0					0	false	1613				0		0	0		false	0	0	2025-11-09 03:29:54	bind_erp
6ab2509c-a644-4e6d-ab56-e3857e33fc9b	JAR31	FIBRA VERDE SCOTCH BRITE P-96 229 MM X 152 MM		2025-11-09 03:29:54	0			0					0	false	1177				0		0	0		false	0	0	2025-11-09 03:29:54	bind_erp
ad32bd5f-a357-48db-9d48-e48fd1fe191f	UNI10	CAMISA MEZCLILLA CON REFLEJANTE CHICA (36)		2025-11-09 03:29:54	0			0					0	false	1091				0		0	0		false	0	0	2025-11-09 03:29:54	bind_erp
7ecea4b9-2547-4cb9-a0e2-e4e7583f7f81	HIG30	PAPEL DALIA 400M HB 19340		2025-11-09 03:29:54	0			0					0	false	1210				0		0	0		false	0	0	2025-11-09 03:29:54	bind_erp
cbd4cb1d-f833-42eb-ab46-e99c8b39a99f	EQ5	DESPACHADOR DE PAPEL HIGIENICO		2025-11-09 03:29:54	0			0					0	false	1131				0		0	0		false	0	0	2025-11-09 03:29:54	bind_erp
6860ca10-2f89-4385-a1f0-e9ebd27462c9	QUI25	DESENGRASANTE DUO POWER		2025-11-09 03:29:54	0			0					0	false	1128				0		0	0		false	0	0	2025-11-09 03:29:54	bind_erp
26441a68-6858-464c-8a7e-eaa3280750c2	ETICH	ETIQUETA DE VINIL CHICA (1/4)		2025-11-09 03:29:54	0			0					0	false	1649				0		0	0		false	0	0	2025-11-09 03:29:54	bind_erp
d6c40f9d-5e80-4328-aa7e-eb7390a84eb1	Z26	CALZADO DE SEGURIDAD NO. 26		2025-11-09 03:29:54	0			0					0	false	1084				0		0	0		false	0	0	2025-11-09 03:29:54	bind_erp
1036e3c9-3dfa-49fe-adb7-eba1c6501113	ESC-01	ESCOBILLON		2025-11-09 03:29:54	0			0					0	false	1410				0		0	0		false	0	0	2025-11-09 03:29:54	bind_erp
71a12156-64e6-41ce-89ed-ec6140884b7d	FER2	ESPATULA ECONOMICA		2025-11-09 03:29:54	0			0					0	false	1165				0		0	0		false	0	0	2025-11-09 03:29:54	bind_erp
d537bead-739c-4def-9909-eccd6c57b8ad	BT40	BOLSA DE PL�STICO TRANSPARENTE DE 40 X 60 CM		2025-11-09 03:29:54	0			0					0	false	1043				0		0	0		false	0	0	2025-11-09 03:29:54	bind_erp
393eaa3f-ebf1-4b3b-ad9e-ed0644dea8b0	JAR65	RECOGEDOR DE CARACTERISTICAS ESPECIALES DE OTRAS MARCAS		2025-11-09 03:29:54	0			0					0	false	1281				0		0	0		false	0	0	2025-11-09 03:29:54	bind_erp
367e850f-d0b9-4a38-894d-edd7e74c8fc7	JAR32	FIBRAS 3M BLANCA		2025-11-09 03:29:54	0			0					0	false	1178				0		0	0		false	0	0	2025-11-09 03:29:54	bind_erp
73aff2e2-75e3-43c8-87ad-ee2fd644eeaf	EQ01	AIRE ACONDICIONADO		2025-11-09 03:29:54	0			0					0	false	1333				0		0	0		false	0	0	2025-11-09 03:29:54	bind_erp
8a3821f7-3ff4-48a0-a36c-ef56e6ebff25	EQ7	DESPACHADOR DE TOALLA INTERDOBLADA		2025-11-09 03:29:54	0			0					0	false	1133				0		0	0		false	0	0	2025-11-09 03:29:54	bind_erp
22d159f8-5dbd-48fb-a621-efd1ae3f020c	UNIC	PANTALON HOMBRE CLARIOS TALLA CH (36)		2025-11-09 03:29:54	0			0					0	false	1629				0		0	0		false	0	0	2025-11-09 03:29:54	bind_erp
49fa316c-f03d-4081-b94d-f0e047c0c667	EQ9	JABONERA / DESPACHADOR DE JABON		2025-11-09 03:29:54	0			0					0	false	1220				0		0	0		false	0	0	2025-11-09 03:29:54	bind_erp
be039701-9379-48f8-a879-f128acaa0ae7	HIG29	HIGIENICO FAPSA  HD 400 CON 6 BOBINAS		2025-11-09 03:29:54	0			0					0	false	1209				0		0	0		false	0	0	2025-11-09 03:29:54	bind_erp
1b54ffa1-2a46-41d7-8391-f270d005988f	Z24	CALZADO DE SEGURIDAD NO. 24		2025-11-09 03:29:54	0			0					0	false	1082				0		0	0		false	0	0	2025-11-09 03:29:54	bind_erp
f42184c0-842f-4134-8868-f53b8190164d	PIN	PINTURA VINIL-ACRILICA VINICOLOR MAXIMA CUBETA 19 L MARCA DICOLOR		2025-11-09 03:29:54	0			0					0	false	1346				0		0	0		false	0	0	2025-11-09 03:29:54	bind_erp
9d6ae0f0-0211-4223-902a-f558a3618a85	QUI76	SHAMPOO PARA MANOS ALMENDRA		2025-11-09 03:29:54	0			0					0	false	1293				0		0	0		false	0	0	2025-11-09 03:29:54	bind_erp
e05ec894-dcf2-48eb-9842-f576cfe2803e	QUI29	DETERGENTE EN POLVO 250 G ROMA . BIODEGRADABLE		2025-11-09 03:29:54	0			0					0	false	1135				0		0	0		false	0	0	2025-11-09 03:29:54	bind_erp
624b8cd2-34dc-43e6-9c62-f9408dcac8d9	RAFIA	RAFIA BLANCA CALIBRE 3 BOBINA 1 KG		2025-11-09 03:29:54	0			0					0	false	1636				0		0	0		false	0	0	2025-11-09 03:29:54	bind_erp
be882bf3-fd57-413c-9ef3-f9d1063e2613	JAR75	TAPETE PARA MIGITORIO ANTISALPICADURA		2025-11-09 03:29:54	0			0					0	false	1301				0		0	0		false	0	0	2025-11-09 03:29:54	bind_erp
44e53f1d-2847-40f9-9b06-fb90c8f4842f	QUI46	GLADE AROMATIZANTE VARIOS AROMAS 400 ML		2025-11-09 03:29:54	0			0					0	false	1189				0		0	0		false	0	0	2025-11-09 03:29:54	bind_erp
782c3343-76e7-4611-b430-fbad08c09c56	JAR29	FIBRA METALICA 12 CM DIAMETRO FABRICACION NACIONAL		2025-11-09 03:29:54	0			0					0	false	1175				0		0	0		false	0	0	2025-11-09 03:29:54	bind_erp
91650c54-fbce-40a6-976b-fc301900f31c	JAR50	GUANTE LATEX VERDE GRANDE		2025-11-09 03:29:54	0			0					0	false	1204				0		0	0		false	0	0	2025-11-09 03:29:54	bind_erp
a0056341-0d78-4abc-ac8e-fc897cd53098	HIG15	PAÑUELO FACIAL KLEENEX		2025-11-09 03:29:54	0			0					0	false	1254				0		0	0		false	0	0	2025-11-09 03:29:54	bind_erp
13665760-36ea-492e-bb10-fdfe5c3d997c	JAR74	TOALLA MICROFIBRA 40 CM x 40 CM		2025-11-09 03:29:54	0			0					0	false	1292				0		0	0		false	0	0	2025-11-09 03:29:54	bind_erp
cadad35a-48e3-48ec-a22a-fe82ac14af2e	UNI3	BATA AZUL MANGA CORTA EXTRA GRANDE		2025-11-09 03:29:54	0			0					0	false	1034				0		0	0		false	0	0	2025-11-09 03:29:54	bind_erp
b8b6d341-fd78-4b1c-96a4-fea7a6a54fed	QUI18	CLORALEX 3.75  L		2025-11-09 03:29:54	0			0					0	false	1110				0		0	0		false	0	0	2025-11-09 03:29:54	bind_erp
4378540d-6ae8-46a7-a8ac-ff16a89edd61	UNIC	BATA CLARIOS TALLA GRANDE		2025-11-09 03:29:54	0			0					0	false	1623				0		0	0		false	0	0	2025-11-09 03:29:54	bind_erp
fdae9895-5ff0-41c9-947e-ffda3d6527bb	JAR53	JALADOR DE PISOS 50 CM		2025-11-09 03:29:54	0			0					0	false	1222				0		0	0		false	0	0	2025-11-09 03:29:54	bind_erp
34c8902d-4a9f-48ec-90f4-07b305b6d9c0	FER7	TOALLA USO RUDO SCOTT SHOP ORIGINAL		2025-11-09 03:29:54	0			0					0	false	1314				0		0	0		false	0	0	2025-11-09 03:29:54	bind_erp
22b397eb-8b32-4c17-8283-074e8cd7467c	QUI39	DETERGENTE LAVATRASTES MARCA AXI�N EN PASTA 425 GRS		2025-11-09 03:29:54	0			0					0	false	1145				0		0	0		false	0	0	2025-11-09 03:29:54	bind_erp
95dc47dd-c6a7-4ebb-a220-053df9cdef16	QUI82	SWIPOL DESINFECTANTE CONCENTRADO BASE CUATERNARIOS DE AMONIO		2025-11-09 03:29:54	0			0					0	false	1299				0		0	0		false	0	0	2025-11-09 03:29:54	bind_erp
54d06992-b1b5-46d4-894f-049b9e00c72a	BP5	BOTELLA POLIETILENO 5LT		2025-11-09 03:29:54	0			0					0	false	1066				0		0	0		false	0	0	2025-11-09 03:29:54	bind_erp
2af2b31f-9e43-4eb1-b207-0439ea43d2b4	PIN	PINTURA ESMALTE DICOLOR 100 CUBETA 19 L		2025-11-09 03:29:54	0			0					0	false	1338				0		0	0		false	0	0	2025-11-09 03:29:54	bind_erp
3358db0b-cfe8-4e0e-926e-03b598a03dc2	1	SERVICIOS DE VEHICULOS		2025-11-09 03:29:54	0			0					0	false	1612				0		0	0		false	0	0	2025-11-09 03:29:54	bind_erp
1b2380b7-fb55-4a24-8746-036acf8f9138	BA1	BOTELLA ANILLADA 1 LT		2025-11-09 03:29:54	0			0					0	false	1061				0		0	0		false	0	0	2025-11-09 03:29:54	bind_erp
30ef79f4-f1ed-4d58-be61-0366a6fe1d20	QUI67	PASTILLA  WIESE 70 GR		2025-11-09 03:29:54	0			0					0	false	1259				0		0	0		false	0	0	2025-11-09 03:29:54	bind_erp
8b2ac631-5283-4474-9a00-030aa2beda55	JAR37	FUNDA PARA MOP 60 CM		2025-11-09 03:29:54	0			0					0	false	1184				0		0	0		false	0	0	2025-11-09 03:29:54	bind_erp
0042830e-eb9f-4796-ab20-03061c6805c0	JAR80	TRAPEADOR DE MAGITEL CON BASTON DE MADERA		2025-11-09 03:29:54	0			0					0	false	1319				0		0	0		false	0	0	2025-11-09 03:29:54	bind_erp
5806c8ce-9d03-447d-a67d-02f9106d4f0a	QUI35	DETERGENTE EN POLVO MARCA UTIL DE 10KG BIODEGRADABLE		2025-11-09 03:29:54	0			0					0	false	1141				0		0	0		false	0	0	2025-11-09 03:29:54	bind_erp
ac558a0b-6aa1-497f-8497-01c59f811ae8	EPP16	OVEROL LAMINADO TYVEK		2025-11-09 03:29:54	0			0					0	false	1252				0		0	0		false	0	0	2025-11-09 03:29:54	bind_erp
d852f38f-465f-4a57-82c6-00faddf97304	UNIC	BATA CLARIOS TALLA XL		2025-11-09 03:29:54	0			0					0	false	1624				0		0	0		false	0	0	2025-11-09 03:29:54	bind_erp
79b0b9d5-57b6-4dc4-a152-002c27f5f7b2	UNI12	CAMISA MEZCLILLA CON REFLEJANTE GRANDE (40)		2025-11-09 03:29:54	0			0					0	false	1093				0		0	0		false	0	0	2025-11-09 03:29:54	bind_erp
42885d53-7942-4fe0-94d4-00282df4ec7c	FLETE	FLETE		2025-11-09 03:29:54	0			0					0	false	1616				0		0	0		false	0	0	2025-11-09 03:29:54	bind_erp
